case_id,mode,visibility_km,observer_alt_km,target_alt_km,range_km,solar_zenith_deg,input_file,input_sha256,tau_mean,path_mean_W_m2_sr_um,tau_down_mean,direct_solar_mean_W_m2_um
qc_range_1_trans,Transmittance,23.0,5.0,5.0,1.0,,D:\HwaSimIR\HwaSim_IR\Bin\Config\Atmosphere\MODTRAN\raw\audit_mwir_standard_20260906\qc_grid\qc_range_1_trans\qc_range_1_trans.tp5,84f0013d6ef3eceaa418b47d8ef3593a653343779c4c74c60d9ba6535fb2777f,0.7894240368200568,,,
qc_range_1_thermal,ThermalRadiance,23.0,5.0,5.0,1.0,,D:\HwaSimIR\HwaSim_IR\Bin\Config\Atmosphere\MODTRAN\raw\audit_mwir_standard_20260906\qc_grid\qc_range_1_thermal\qc_range_1_thermal.tp5,27565cca3c00f5a8bf48bfa4d40b89c0931781c2ed8f793bd52751f2d4d5dcf4,,0.05932370287342687,,
qc_range_10_trans,Transmittance,23.0,5.0,5.0,10.0,,D:\HwaSimIR\HwaSim_IR\Bin\Config\Atmosphere\MODTRAN\raw\audit_mwir_standard_20260906\qc_grid\qc_range_10_trans\qc_range_10_trans.tp5,ac704817a7ee407d472b3e34812e75f737688103b609324398d10039e450c64f,0.5738013227880596,,,
qc_range_10_thermal,ThermalRadiance,23.0,5.0,5.0,10.0,,D:\HwaSimIR\HwaSim_IR\Bin\Config\Atmosphere\MODTRAN\raw\audit_mwir_standard_20260906\qc_grid\qc_range_10_thermal\qc_range_10_thermal.tp5,a4cc42993735b5c8d8d4ad884ae5eda07693bbe39749f2f57b9c0ce30f56fae2,,0.1170494317230574,,
qc_range_30_trans,Transmittance,23.0,5.0,5.0,30.0,,D:\HwaSimIR\HwaSim_IR\Bin\Config\Atmosphere\MODTRAN\raw\audit_mwir_standard_20260906\qc_grid\qc_range_30_trans\qc_range_30_trans.tp5,aa8066bf857a61b90e9ca31ae95d1db2f5ab1e87f12ceba643d31c81d6e179c6,0.40714671503156963,,,
qc_range_30_thermal,ThermalRadiance,23.0,5.0,5.0,30.0,,D:\HwaSimIR\HwaSim_IR\Bin\Config\Atmosphere\MODTRAN\raw\audit_mwir_standard_20260906\qc_grid\qc_range_30_thermal\qc_range_30_thermal.tp5,0e545564bb6531ba1fee7e677dcc09a2f6c4293e13f0ec90a366dbd12fc36978,,0.16096259781045139,,
qc_range_50_trans,Transmittance,23.0,5.0,5.0,50.0,,D:\HwaSimIR\HwaSim_IR\Bin\Config\Atmosphere\MODTRAN\raw\audit_mwir_standard_20260906\qc_grid\qc_range_50_trans\qc_range_50_trans.tp5,e41c39c36f284397309977591fbc0345e62f6de95d8866eb03188ffc2ea3085e,0.31955246964292505,,,
qc_range_50_thermal,ThermalRadiance,23.0,5.0,5.0,50.0,,D:\HwaSimIR\HwaSim_IR\Bin\Config\Atmosphere\MODTRAN\raw\audit_mwir_standard_20260906\qc_grid\qc_range_50_thermal\qc_range_50_thermal.tp5,d1669e3d0a3cd795ee7621e6a5115ca45966fec06caabd0dd9321a1a845bfe5b,,0.18435885077863728,,
qc_vis_2_trans,Transmittance,2.0,1.0,1.0,10.0,,D:\HwaSimIR\HwaSim_IR\Bin\Config\Atmosphere\MODTRAN\raw\audit_mwir_standard_20260906\qc_grid\qc_vis_2_trans\qc_vis_2_trans.tp5,1ecab0a7bfe2b9d0486ef151203349d44ea2c143b62adf3f7d32777231069c17,0.04116232802122416,,,
qc_vis_2_thermal,ThermalRadiance,2.0,1.0,1.0,10.0,,D:\HwaSimIR\HwaSim_IR\Bin\Config\Atmosphere\MODTRAN\raw\audit_mwir_standard_20260906\qc_grid\qc_vis_2_thermal\qc_vis_2_thermal.tp5,651d7e27291425c582400a990ba767ee2afbec483f3c3c3772753ce80eacd358,,0.613210174633837,,
qc_vis_5_trans,Transmittance,5.0,1.0,1.0,10.0,,D:\HwaSimIR\HwaSim_IR\Bin\Config\Atmosphere\MODTRAN\raw\audit_mwir_standard_20260906\qc_grid\qc_vis_5_trans\qc_vis_5_trans.tp5,8a447e69689e567aa43e905754c24bc9cb6d5491e89470ae183edc2673aeaa58,0.13450006738906498,,,
qc_vis_5_thermal,ThermalRadiance,5.0,1.0,1.0,10.0,,D:\HwaSimIR\HwaSim_IR\Bin\Config\Atmosphere\MODTRAN\raw\audit_mwir_standard_20260906\qc_grid\qc_vis_5_thermal\qc_vis_5_thermal.tp5,82340ecdc5e96afb8cf9c5f8be464a9044d42fab7b078c256527400f8cdb58f6,,0.5690244398307304,,
qc_vis_10_trans,Transmittance,10.0,1.0,1.0,10.0,,D:\HwaSimIR\HwaSim_IR\Bin\Config\Atmosphere\MODTRAN\raw\audit_mwir_standard_20260906\qc_grid\qc_vis_10_trans\qc_vis_10_trans.tp5,3abc40ec550c4e164a02ec07ab710784b1dd4591fe7a816b041958a30e837be2,0.19999150985382677,,,
qc_vis_10_thermal,ThermalRadiance,10.0,1.0,1.0,10.0,,D:\HwaSimIR\HwaSim_IR\Bin\Config\Atmosphere\MODTRAN\raw\audit_mwir_standard_20260906\qc_grid\qc_vis_10_thermal\qc_vis_10_thermal.tp5,fb1d00e101d5566372aa5e1978aaa53f5fb85d7d320a61a3353393d7cad4354d,,0.5389220859122084,,
qc_vis_23_trans,Transmittance,23.0,1.0,1.0,10.0,,D:\HwaSimIR\HwaSim_IR\Bin\Config\Atmosphere\MODTRAN\raw\audit_mwir_standard_20260906\qc_grid\qc_vis_23_trans\qc_vis_23_trans.tp5,8c74032d12391f5a9735374fb82c40feaf3688d531bb2264521fe40c89dfba90,0.26574660711784587,,,
qc_vis_23_thermal,ThermalRadiance,23.0,1.0,1.0,10.0,,D:\HwaSimIR\HwaSim_IR\Bin\Config\Atmosphere\MODTRAN\raw\audit_mwir_standard_20260906\qc_grid\qc_vis_23_thermal\qc_vis_23_thermal.tp5,e2664cd4c6a7a1ffa1218e98736c1d476c7b9147e6f0fd4510491137cdd3747a,,0.5091256327089626,,
qc_vis_50_trans,Transmittance,50.0,1.0,1.0,10.0,,D:\HwaSimIR\HwaSim_IR\Bin\Config\Atmosphere\MODTRAN\raw\audit_mwir_standard_20260906\qc_grid\qc_vis_50_trans\qc_vis_50_trans.tp5,9b545a3c8add3df16c68a7e7aacd73ac6e17fd23295223c76d2d94da64cb114a,0.2817752414316289,,,
qc_vis_50_thermal,ThermalRadiance,50.0,1.0,1.0,10.0,,D:\HwaSimIR\HwaSim_IR\Bin\Config\Atmosphere\MODTRAN\raw\audit_mwir_standard_20260906\qc_grid\qc_vis_50_thermal\qc_vis_50_thermal.tp5,f08ef9f83e0ad52b8a9efbb5bfef2668be0ff9fbe20d8510c1147275f11d8def,,0.5019135120709785,,
qc_sza_0_solar,DirectSolarIrradiance,23.0,0.0,5.0,0.0,0.0,D:\HwaSimIR\HwaSim_IR\Bin\Config\Atmosphere\MODTRAN\raw\audit_mwir_standard_20260906\qc_grid\qc_sza_0_solar\qc_sza_0_solar.tp5,3e7e68659038aa19afdf40dc8b7206c817ca788311cd0b016a74cdfd771eec21,,,0.7024162580438571,7.581746064702976
qc_sza_30_solar,DirectSolarIrradiance,23.0,0.0,5.0,0.0,30.0,D:\HwaSimIR\HwaSim_IR\Bin\Config\Atmosphere\MODTRAN\raw\audit_mwir_standard_20260906\qc_grid\qc_sza_30_solar\qc_sza_30_solar.tp5,54fef1cfa9fa6df711018534ebd088ecd91459d5a74748cf8c33723c30e7de0c,,,0.6888678288273494,7.438794779795132
qc_sza_45_solar,DirectSolarIrradiance,23.0,0.0,5.0,0.0,45.0,D:\HwaSimIR\HwaSim_IR\Bin\Config\Atmosphere\MODTRAN\raw\audit_mwir_standard_20260906\qc_grid\qc_sza_45_solar\qc_sza_45_solar.tp5,b214f8304a1ad24b2f60157008c8408b0f04006be99418fb53f31efd22221a22,,,0.6684943582371856,7.225221908989829
qc_sza_60_solar,DirectSolarIrradiance,23.0,0.0,5.0,0.0,60.0,D:\HwaSimIR\HwaSim_IR\Bin\Config\Atmosphere\MODTRAN\raw\audit_mwir_standard_20260906\qc_grid\qc_sza_60_solar\qc_sza_60_solar.tp5,38e382022b9fbe44704476715c78d3b009af497620b5d21ef12a4789bac93489,,,0.629998204660149,6.817617473406111
qc_sza_75_solar,DirectSolarIrradiance,23.0,0.0,5.0,0.0,75.0,D:\HwaSimIR\HwaSim_IR\Bin\Config\Atmosphere\MODTRAN\raw\audit_mwir_standard_20260906\qc_grid\qc_sza_75_solar\qc_sza_75_solar.tp5,67325fce7e25cf69dd65dea89f4acdd9fd7c9fe109f26f10ff8becf9da17637d,,,0.5439173840120699,5.903356842335591
