schema_version,case_id,band,atmosphere_model,aerosol_model,humidity_profile,target_alt_km,visibility_km,solar_zenith_deg,direct_shortwave_solar_irradiance_W_m2,diffuse_shortwave_down_irradiance_W_m2,flux_direct_horizontal_qc_W_m2,irradiance_unit,spectral_range_um,response_mode,direct_source_field,diffuse_source_field,flux_direct_policy,raw_solar_unit,raw_flux_unit,conversion_method,source_case_ids,source_files,source_sha256
1,SWHEAT_tar3_vis5_sza20,SOLAR_SHORTWAVE_0.30_2.50_UM,Mid-Latitude Summer,Rural,default,3,5,20,1011.68989074,256.410529165,874.126011715,W/m^2,0.30-2.50,BroadbandIntegral,MODOUT2 SOL TR,.flx DOWNWARD,QC_only_not_added_to_diffuse,W/(cm^2 cm^-1),W/(cm^2 nm),SOL_TR pointwise native*1e8/lambda_um^2; FLX DOWNWARD pointwise native*1e7; wavelength-domain trapezoidal integral 0.30-2.50 um,SWHEAT_direct_tar3_vis5_aerRural_humdefault_sza20;SWHEAT_flux_tar3_vis5_aerRural_humdefault_sza20,D:\HwaSimIR\HwaSim_IR\Bin\Config\Atmosphere\MODTRAN\raw\l1_solar_heating_20260907\SWHEAT_direct_tar3_vis5_aerRural_humdefault_sza20\MODOUT2.txt;D:\HwaSimIR\HwaSim_IR\Bin\Config\Atmosphere\MODTRAN\raw\l1_solar_heating_20260907\SWHEAT_flux_tar3_vis5_aerRural_humdefault_sza20\spectral_flux.flx,ea3cfe1b518902579918c445c5cf09132e03e69c3063796b7a1287ce99117043;054bb4a14e96686ca5dceb71045b9dd80c7822519795ae29704433932aaf503d
1,SWHEAT_tar3_vis5_sza45,SOLAR_SHORTWAVE_0.30_2.50_UM,Mid-Latitude Summer,Rural,default,3,5,45,960.369205473,231.093664427,594.580110531,W/m^2,0.30-2.50,BroadbandIntegral,MODOUT2 SOL TR,.flx DOWNWARD,QC_only_not_added_to_diffuse,W/(cm^2 cm^-1),W/(cm^2 nm),SOL_TR pointwise native*1e8/lambda_um^2; FLX DOWNWARD pointwise native*1e7; wavelength-domain trapezoidal integral 0.30-2.50 um,SWHEAT_direct_tar3_vis5_aerRural_humdefault_sza45;SWHEAT_flux_tar3_vis5_aerRural_humdefault_sza45,D:\HwaSimIR\HwaSim_IR\Bin\Config\Atmosphere\MODTRAN\raw\l1_solar_heating_20260907\SWHEAT_direct_tar3_vis5_aerRural_humdefault_sza45\MODOUT2.txt;D:\HwaSimIR\HwaSim_IR\Bin\Config\Atmosphere\MODTRAN\raw\l1_solar_heating_20260907\SWHEAT_flux_tar3_vis5_aerRural_humdefault_sza45\spectral_flux.flx,d110299541bddfb980ad26485e0c32e73f471ec6e4055f444473d21d4029d201;ccb6250ac344b1511d15b23b01736ff975d3ace36346095edf020ecbafa15911
1,SWHEAT_tar3_vis5_sza70,SOLAR_SHORTWAVE_0.30_2.50_UM,Mid-Latitude Summer,Rural,default,3,5,70,790.860624408,160.199803432,192.176449605,W/m^2,0.30-2.50,BroadbandIntegral,MODOUT2 SOL TR,.flx DOWNWARD,QC_only_not_added_to_diffuse,W/(cm^2 cm^-1),W/(cm^2 nm),SOL_TR pointwise native*1e8/lambda_um^2; FLX DOWNWARD pointwise native*1e7; wavelength-domain trapezoidal integral 0.30-2.50 um,SWHEAT_direct_tar3_vis5_aerRural_humdefault_sza70;SWHEAT_flux_tar3_vis5_aerRural_humdefault_sza70,D:\HwaSimIR\HwaSim_IR\Bin\Config\Atmosphere\MODTRAN\raw\l1_solar_heating_20260907\SWHEAT_direct_tar3_vis5_aerRural_humdefault_sza70\MODOUT2.txt;D:\HwaSimIR\HwaSim_IR\Bin\Config\Atmosphere\MODTRAN\raw\l1_solar_heating_20260907\SWHEAT_flux_tar3_vis5_aerRural_humdefault_sza70\spectral_flux.flx,f756b3e1ced822302069d51af69afc13f4292bad20fdd34bb80fc22e08b246ba;eae75d2ece5270221d184146d5bd9be9e031582429b2d2f1f278cb1be53e41fa
1,SWHEAT_tar3_vis23_sza20,SOLAR_SHORTWAVE_0.30_2.50_UM,Mid-Latitude Summer,Rural,default,3,23,20,1011.68989074,258.101908669,874.126011715,W/m^2,0.30-2.50,BroadbandIntegral,MODOUT2 SOL TR,.flx DOWNWARD,QC_only_not_added_to_diffuse,W/(cm^2 cm^-1),W/(cm^2 nm),SOL_TR pointwise native*1e8/lambda_um^2; FLX DOWNWARD pointwise native*1e7; wavelength-domain trapezoidal integral 0.30-2.50 um,SWHEAT_direct_tar3_vis23_aerRural_humdefault_sza20;SWHEAT_flux_tar3_vis23_aerRural_humdefault_sza20,D:\HwaSimIR\HwaSim_IR\Bin\Config\Atmosphere\MODTRAN\raw\l1_solar_heating_20260907\SWHEAT_direct_tar3_vis23_aerRural_humdefault_sza20\MODOUT2.txt;D:\HwaSimIR\HwaSim_IR\Bin\Config\Atmosphere\MODTRAN\raw\l1_solar_heating_20260907\SWHEAT_flux_tar3_vis23_aerRural_humdefault_sza20\spectral_flux.flx,08b0c5ea63ea0621015243b5b3920a2ce86f404eaa385aaeec3bba516384c093;484b9b4e59b1099fff2d26a28da13b5dc2905c475d246b9aeb1169c72d4c9e45
1,SWHEAT_tar3_vis23_sza45,SOLAR_SHORTWAVE_0.30_2.50_UM,Mid-Latitude Summer,Rural,default,3,23,45,960.369205473,230.123121385,594.580110531,W/m^2,0.30-2.50,BroadbandIntegral,MODOUT2 SOL TR,.flx DOWNWARD,QC_only_not_added_to_diffuse,W/(cm^2 cm^-1),W/(cm^2 nm),SOL_TR pointwise native*1e8/lambda_um^2; FLX DOWNWARD pointwise native*1e7; wavelength-domain trapezoidal integral 0.30-2.50 um,SWHEAT_direct_tar3_vis23_aerRural_humdefault_sza45;SWHEAT_flux_tar3_vis23_aerRural_humdefault_sza45,D:\HwaSimIR\HwaSim_IR\Bin\Config\Atmosphere\MODTRAN\raw\l1_solar_heating_20260907\SWHEAT_direct_tar3_vis23_aerRural_humdefault_sza45\MODOUT2.txt;D:\HwaSimIR\HwaSim_IR\Bin\Config\Atmosphere\MODTRAN\raw\l1_solar_heating_20260907\SWHEAT_flux_tar3_vis23_aerRural_humdefault_sza45\spectral_flux.flx,e67bed0356497d9680ed94cb53736945055cb4a2486bc2933b8b5a498e252076;3b9160f4711baee1f3eade146f0bb557ca1183115ec72587823885ca02cb691f
1,SWHEAT_tar3_vis23_sza70,SOLAR_SHORTWAVE_0.30_2.50_UM,Mid-Latitude Summer,Rural,default,3,23,70,790.860624408,158.170400282,192.176449605,W/m^2,0.30-2.50,BroadbandIntegral,MODOUT2 SOL TR,.flx DOWNWARD,QC_only_not_added_to_diffuse,W/(cm^2 cm^-1),W/(cm^2 nm),SOL_TR pointwise native*1e8/lambda_um^2; FLX DOWNWARD pointwise native*1e7; wavelength-domain trapezoidal integral 0.30-2.50 um,SWHEAT_direct_tar3_vis23_aerRural_humdefault_sza70;SWHEAT_flux_tar3_vis23_aerRural_humdefault_sza70,D:\HwaSimIR\HwaSim_IR\Bin\Config\Atmosphere\MODTRAN\raw\l1_solar_heating_20260907\SWHEAT_direct_tar3_vis23_aerRural_humdefault_sza70\MODOUT2.txt;D:\HwaSimIR\HwaSim_IR\Bin\Config\Atmosphere\MODTRAN\raw\l1_solar_heating_20260907\SWHEAT_flux_tar3_vis23_aerRural_humdefault_sza70\spectral_flux.flx,fb21753310a61ba2af2027c0ee6274ceef98545c98f35ac0092576df42773fde;75f413703de12a9af39d58c06fa52fe30aa0f8109ee2e6e44425eb426ef605df
1,SWHEAT_tar3_vis50_sza20,SOLAR_SHORTWAVE_0.30_2.50_UM,Mid-Latitude Summer,Rural,default,3,50,20,1024.6807846,248.651955823,885.343631358,W/m^2,0.30-2.50,BroadbandIntegral,MODOUT2 SOL TR,.flx DOWNWARD,QC_only_not_added_to_diffuse,W/(cm^2 cm^-1),W/(cm^2 nm),SOL_TR pointwise native*1e8/lambda_um^2; FLX DOWNWARD pointwise native*1e7; wavelength-domain trapezoidal integral 0.30-2.50 um,SWHEAT_direct_tar3_vis50_aerRural_humdefault_sza20;SWHEAT_flux_tar3_vis50_aerRural_humdefault_sza20,D:\HwaSimIR\HwaSim_IR\Bin\Config\Atmosphere\MODTRAN\raw\l1_solar_heating_20260907\SWHEAT_direct_tar3_vis50_aerRural_humdefault_sza20\MODOUT2.txt;D:\HwaSimIR\HwaSim_IR\Bin\Config\Atmosphere\MODTRAN\raw\l1_solar_heating_20260907\SWHEAT_flux_tar3_vis50_aerRural_humdefault_sza20\spectral_flux.flx,2488bc2b992ede57e2f597350a73fa09df4b76d77c89a4556740702364897245;69bcc21a6b375b4690abb256deb2466512925de2e1dcaa4befb03820a53c1312
1,SWHEAT_tar3_vis50_sza45,SOLAR_SHORTWAVE_0.30_2.50_UM,Mid-Latitude Summer,Rural,default,3,50,45,976.520456757,221.523435657,604.576831076,W/m^2,0.30-2.50,BroadbandIntegral,MODOUT2 SOL TR,.flx DOWNWARD,QC_only_not_added_to_diffuse,W/(cm^2 cm^-1),W/(cm^2 nm),SOL_TR pointwise native*1e8/lambda_um^2; FLX DOWNWARD pointwise native*1e7; wavelength-domain trapezoidal integral 0.30-2.50 um,SWHEAT_direct_tar3_vis50_aerRural_humdefault_sza45;SWHEAT_flux_tar3_vis50_aerRural_humdefault_sza45,D:\HwaSimIR\HwaSim_IR\Bin\Config\Atmosphere\MODTRAN\raw\l1_solar_heating_20260907\SWHEAT_direct_tar3_vis50_aerRural_humdefault_sza45\MODOUT2.txt;D:\HwaSimIR\HwaSim_IR\Bin\Config\Atmosphere\MODTRAN\raw\l1_solar_heating_20260907\SWHEAT_flux_tar3_vis50_aerRural_humdefault_sza45\spectral_flux.flx,b2aa89913216656208e9d354a842b83875d293a9a67e63e9b986d811d8fc674a;a7edf6f6e4809f241c5a38bde13359c5419dda1d84306e51664cf1b04e165b17
1,SWHEAT_tar3_vis50_sza70,SOLAR_SHORTWAVE_0.30_2.50_UM,Mid-Latitude Summer,Rural,default,3,50,70,816.769790707,153.34849408,198.476261645,W/m^2,0.30-2.50,BroadbandIntegral,MODOUT2 SOL TR,.flx DOWNWARD,QC_only_not_added_to_diffuse,W/(cm^2 cm^-1),W/(cm^2 nm),SOL_TR pointwise native*1e8/lambda_um^2; FLX DOWNWARD pointwise native*1e7; wavelength-domain trapezoidal integral 0.30-2.50 um,SWHEAT_direct_tar3_vis50_aerRural_humdefault_sza70;SWHEAT_flux_tar3_vis50_aerRural_humdefault_sza70,D:\HwaSimIR\HwaSim_IR\Bin\Config\Atmosphere\MODTRAN\raw\l1_solar_heating_20260907\SWHEAT_direct_tar3_vis50_aerRural_humdefault_sza70\MODOUT2.txt;D:\HwaSimIR\HwaSim_IR\Bin\Config\Atmosphere\MODTRAN\raw\l1_solar_heating_20260907\SWHEAT_flux_tar3_vis50_aerRural_humdefault_sza70\spectral_flux.flx,07be5f56701da4c90f9eb9b0b01806af75472a5a225bf87f4fd8c234b99dd4d5;62276eabd338be9bd3e32cd159919557394a2ab809c829f7e9a349e47d6af219
1,SWHEAT_tar5_vis5_sza20,SOLAR_SHORTWAVE_0.30_2.50_UM,Mid-Latitude Summer,Rural,default,5,5,20,1095.13803771,230.368805976,946.190493312,W/m^2,0.30-2.50,BroadbandIntegral,MODOUT2 SOL TR,.flx DOWNWARD,QC_only_not_added_to_diffuse,W/(cm^2 cm^-1),W/(cm^2 nm),SOL_TR pointwise native*1e8/lambda_um^2; FLX DOWNWARD pointwise native*1e7; wavelength-domain trapezoidal integral 0.30-2.50 um,SWHEAT_direct_tar5_vis5_aerRural_humdefault_sza20;SWHEAT_flux_tar5_vis5_aerRural_humdefault_sza20,D:\HwaSimIR\HwaSim_IR\Bin\Config\Atmosphere\MODTRAN\raw\l1_solar_heating_20260907\SWHEAT_direct_tar5_vis5_aerRural_humdefault_sza20\MODOUT2.txt;D:\HwaSimIR\HwaSim_IR\Bin\Config\Atmosphere\MODTRAN\raw\l1_solar_heating_20260907\SWHEAT_flux_tar5_vis5_aerRural_humdefault_sza20\spectral_flux.flx,9ec433ace5d97323e4adba4b80ce5a74fe313c231a7254b7a0c4536185fe57f5;88086f4879cef1703d5c9e42cf7ca031473baff20b2df1ed9bc6aa2d116f9935
1,SWHEAT_tar5_vis5_sza45,SOLAR_SHORTWAVE_0.30_2.50_UM,Mid-Latitude Summer,Rural,default,5,5,45,1057.22377655,211.55566317,654.492486525,W/m^2,0.30-2.50,BroadbandIntegral,MODOUT2 SOL TR,.flx DOWNWARD,QC_only_not_added_to_diffuse,W/(cm^2 cm^-1),W/(cm^2 nm),SOL_TR pointwise native*1e8/lambda_um^2; FLX DOWNWARD pointwise native*1e7; wavelength-domain trapezoidal integral 0.30-2.50 um,SWHEAT_direct_tar5_vis5_aerRural_humdefault_sza45;SWHEAT_flux_tar5_vis5_aerRural_humdefault_sza45,D:\HwaSimIR\HwaSim_IR\Bin\Config\Atmosphere\MODTRAN\raw\l1_solar_heating_20260907\SWHEAT_direct_tar5_vis5_aerRural_humdefault_sza45\MODOUT2.txt;D:\HwaSimIR\HwaSim_IR\Bin\Config\Atmosphere\MODTRAN\raw\l1_solar_heating_20260907\SWHEAT_flux_tar5_vis5_aerRural_humdefault_sza45\spectral_flux.flx,21c41359f50f8f4546946076cc9c467974a22f37868e3f71f53e3de1d86d0cdb;94da9c8eba98115aa3eab22be0ca135979c0e125016e8fee34a636a967b1254c
1,SWHEAT_tar5_vis5_sza70,SOLAR_SHORTWAVE_0.30_2.50_UM,Mid-Latitude Summer,Rural,default,5,5,70,926.690385561,155.079301327,224.991345074,W/m^2,0.30-2.50,BroadbandIntegral,MODOUT2 SOL TR,.flx DOWNWARD,QC_only_not_added_to_diffuse,W/(cm^2 cm^-1),W/(cm^2 nm),SOL_TR pointwise native*1e8/lambda_um^2; FLX DOWNWARD pointwise native*1e7; wavelength-domain trapezoidal integral 0.30-2.50 um,SWHEAT_direct_tar5_vis5_aerRural_humdefault_sza70;SWHEAT_flux_tar5_vis5_aerRural_humdefault_sza70,D:\HwaSimIR\HwaSim_IR\Bin\Config\Atmosphere\MODTRAN\raw\l1_solar_heating_20260907\SWHEAT_direct_tar5_vis5_aerRural_humdefault_sza70\MODOUT2.txt;D:\HwaSimIR\HwaSim_IR\Bin\Config\Atmosphere\MODTRAN\raw\l1_solar_heating_20260907\SWHEAT_flux_tar5_vis5_aerRural_humdefault_sza70\spectral_flux.flx,c5c270e756abaf40d68fb5d5f07d31c86ab6439210f8339a044a7abbf0081c2d;0cef3cfc2807e4fa0e0399319ddfbd861f365c73b89831c44e816d6ddea727e5
1,SWHEAT_tar5_vis23_sza20,SOLAR_SHORTWAVE_0.30_2.50_UM,Mid-Latitude Summer,Rural,default,5,23,20,1095.13803771,231.697647136,946.190493312,W/m^2,0.30-2.50,BroadbandIntegral,MODOUT2 SOL TR,.flx DOWNWARD,QC_only_not_added_to_diffuse,W/(cm^2 cm^-1),W/(cm^2 nm),SOL_TR pointwise native*1e8/lambda_um^2; FLX DOWNWARD pointwise native*1e7; wavelength-domain trapezoidal integral 0.30-2.50 um,SWHEAT_direct_tar5_vis23_aerRural_humdefault_sza20;SWHEAT_flux_tar5_vis23_aerRural_humdefault_sza20,D:\HwaSimIR\HwaSim_IR\Bin\Config\Atmosphere\MODTRAN\raw\l1_solar_heating_20260907\SWHEAT_direct_tar5_vis23_aerRural_humdefault_sza20\MODOUT2.txt;D:\HwaSimIR\HwaSim_IR\Bin\Config\Atmosphere\MODTRAN\raw\l1_solar_heating_20260907\SWHEAT_flux_tar5_vis23_aerRural_humdefault_sza20\spectral_flux.flx,0e33b4b6fb5110cba7064fd27f62602c488c31b36ae59d15c55446ad1a8f619d;cb8e30bbc9affed377ed88aebd7a56094d8bf565a04ba373e04d3a17718112d4
1,SWHEAT_tar5_vis23_sza45,SOLAR_SHORTWAVE_0.30_2.50_UM,Mid-Latitude Summer,Rural,default,5,23,45,1057.22377655,210.901635455,654.492486525,W/m^2,0.30-2.50,BroadbandIntegral,MODOUT2 SOL TR,.flx DOWNWARD,QC_only_not_added_to_diffuse,W/(cm^2 cm^-1),W/(cm^2 nm),SOL_TR pointwise native*1e8/lambda_um^2; FLX DOWNWARD pointwise native*1e7; wavelength-domain trapezoidal integral 0.30-2.50 um,SWHEAT_direct_tar5_vis23_aerRural_humdefault_sza45;SWHEAT_flux_tar5_vis23_aerRural_humdefault_sza45,D:\HwaSimIR\HwaSim_IR\Bin\Config\Atmosphere\MODTRAN\raw\l1_solar_heating_20260907\SWHEAT_direct_tar5_vis23_aerRural_humdefault_sza45\MODOUT2.txt;D:\HwaSimIR\HwaSim_IR\Bin\Config\Atmosphere\MODTRAN\raw\l1_solar_heating_20260907\SWHEAT_flux_tar5_vis23_aerRural_humdefault_sza45\spectral_flux.flx,0c03baef46786e1abf94edaebc943084e57322d83160bbae53fb32aa61af621b;30cb7ffdf9a878dce9b0ef2b111371e6f3b0001e25f9595ee7e7d161db3c57e8
1,SWHEAT_tar5_vis23_sza70,SOLAR_SHORTWAVE_0.30_2.50_UM,Mid-Latitude Summer,Rural,default,5,23,70,926.690385561,153.589966413,224.991345074,W/m^2,0.30-2.50,BroadbandIntegral,MODOUT2 SOL TR,.flx DOWNWARD,QC_only_not_added_to_diffuse,W/(cm^2 cm^-1),W/(cm^2 nm),SOL_TR pointwise native*1e8/lambda_um^2; FLX DOWNWARD pointwise native*1e7; wavelength-domain trapezoidal integral 0.30-2.50 um,SWHEAT_direct_tar5_vis23_aerRural_humdefault_sza70;SWHEAT_flux_tar5_vis23_aerRural_humdefault_sza70,D:\HwaSimIR\HwaSim_IR\Bin\Config\Atmosphere\MODTRAN\raw\l1_solar_heating_20260907\SWHEAT_direct_tar5_vis23_aerRural_humdefault_sza70\MODOUT2.txt;D:\HwaSimIR\HwaSim_IR\Bin\Config\Atmosphere\MODTRAN\raw\l1_solar_heating_20260907\SWHEAT_flux_tar5_vis23_aerRural_humdefault_sza70\spectral_flux.flx,e64e8808c52253779fad3d92d576a3a9acfd9303dbc1ce8c55a24ef28e008ab0;3b05ecf06bd06d730d6d0aefabda3d7820ebce504054c54413bca664bf117015
1,SWHEAT_tar5_vis50_sza20,SOLAR_SHORTWAVE_0.30_2.50_UM,Mid-Latitude Summer,Rural,default,5,50,20,1095.13803771,232.218728604,946.190493312,W/m^2,0.30-2.50,BroadbandIntegral,MODOUT2 SOL TR,.flx DOWNWARD,QC_only_not_added_to_diffuse,W/(cm^2 cm^-1),W/(cm^2 nm),SOL_TR pointwise native*1e8/lambda_um^2; FLX DOWNWARD pointwise native*1e7; wavelength-domain trapezoidal integral 0.30-2.50 um,SWHEAT_direct_tar5_vis50_aerRural_humdefault_sza20;SWHEAT_flux_tar5_vis50_aerRural_humdefault_sza20,D:\HwaSimIR\HwaSim_IR\Bin\Config\Atmosphere\MODTRAN\raw\l1_solar_heating_20260907\SWHEAT_direct_tar5_vis50_aerRural_humdefault_sza20\MODOUT2.txt;D:\HwaSimIR\HwaSim_IR\Bin\Config\Atmosphere\MODTRAN\raw\l1_solar_heating_20260907\SWHEAT_flux_tar5_vis50_aerRural_humdefault_sza20\spectral_flux.flx,68c9b4bd82455b3af2999d3e9b4cee750120cecb750011fa1058e60185b7e312;ff594c8b178a05f2f9d7e31845d9405f22c7acd01c7f970c433e9c816feceb59
1,SWHEAT_tar5_vis50_sza45,SOLAR_SHORTWAVE_0.30_2.50_UM,Mid-Latitude Summer,Rural,default,5,50,45,1057.22377655,210.462180632,654.492486525,W/m^2,0.30-2.50,BroadbandIntegral,MODOUT2 SOL TR,.flx DOWNWARD,QC_only_not_added_to_diffuse,W/(cm^2 cm^-1),W/(cm^2 nm),SOL_TR pointwise native*1e8/lambda_um^2; FLX DOWNWARD pointwise native*1e7; wavelength-domain trapezoidal integral 0.30-2.50 um,SWHEAT_direct_tar5_vis50_aerRural_humdefault_sza45;SWHEAT_flux_tar5_vis50_aerRural_humdefault_sza45,D:\HwaSimIR\HwaSim_IR\Bin\Config\Atmosphere\MODTRAN\raw\l1_solar_heating_20260907\SWHEAT_direct_tar5_vis50_aerRural_humdefault_sza45\MODOUT2.txt;D:\HwaSimIR\HwaSim_IR\Bin\Config\Atmosphere\MODTRAN\raw\l1_solar_heating_20260907\SWHEAT_flux_tar5_vis50_aerRural_humdefault_sza45\spectral_flux.flx,d28a20e94c24e2a8dd7d976e33f1252bf8843ed7950d3b7b953210534fe1a15d;444365464274d0b44c42068f1a17e1851dea646d03a3c24388fe3e439cef8451
1,SWHEAT_tar5_vis50_sza70,SOLAR_SHORTWAVE_0.30_2.50_UM,Mid-Latitude Summer,Rural,default,5,50,70,926.690385561,152.500784966,224.991345074,W/m^2,0.30-2.50,BroadbandIntegral,MODOUT2 SOL TR,.flx DOWNWARD,QC_only_not_added_to_diffuse,W/(cm^2 cm^-1),W/(cm^2 nm),SOL_TR pointwise native*1e8/lambda_um^2; FLX DOWNWARD pointwise native*1e7; wavelength-domain trapezoidal integral 0.30-2.50 um,SWHEAT_direct_tar5_vis50_aerRural_humdefault_sza70;SWHEAT_flux_tar5_vis50_aerRural_humdefault_sza70,D:\HwaSimIR\HwaSim_IR\Bin\Config\Atmosphere\MODTRAN\raw\l1_solar_heating_20260907\SWHEAT_direct_tar5_vis50_aerRural_humdefault_sza70\MODOUT2.txt;D:\HwaSimIR\HwaSim_IR\Bin\Config\Atmosphere\MODTRAN\raw\l1_solar_heating_20260907\SWHEAT_flux_tar5_vis50_aerRural_humdefault_sza70\spectral_flux.flx,dc03079837573db8baf3b1d90969439353edc82a3eaddaa6fad0cb72686d5ebd;b0d58c9d4b90624e011dd24b56bd5986b672c834a49745cb96f33f605f692f34
1,SWHEAT_tar10_vis5_sza20,SOLAR_SHORTWAVE_0.30_2.50_UM,Mid-Latitude Summer,Rural,default,10,5,20,1194.77700146,199.096186068,1034.07066822,W/m^2,0.30-2.50,BroadbandIntegral,MODOUT2 SOL TR,.flx DOWNWARD,QC_only_not_added_to_diffuse,W/(cm^2 cm^-1),W/(cm^2 nm),SOL_TR pointwise native*1e8/lambda_um^2; FLX DOWNWARD pointwise native*1e7; wavelength-domain trapezoidal integral 0.30-2.50 um,SWHEAT_direct_tar10_vis5_aerRural_humdefault_sza20;SWHEAT_flux_tar10_vis5_aerRural_humdefault_sza20,D:\HwaSimIR\HwaSim_IR\Bin\Config\Atmosphere\MODTRAN\raw\l1_solar_heating_20260907\SWHEAT_direct_tar10_vis5_aerRural_humdefault_sza20\MODOUT2.txt;D:\HwaSimIR\HwaSim_IR\Bin\Config\Atmosphere\MODTRAN\raw\l1_solar_heating_20260907\SWHEAT_flux_tar10_vis5_aerRural_humdefault_sza20\spectral_flux.flx,9b984664a5a61e8e977321450c4e71911ffcc5a883c070ee9b26d1e3302e065d;b11851f662d9eb3b721bf69b1700dddbc4fa1924abb4e7e4d0ec3732477fe5eb
1,SWHEAT_tar10_vis5_sza45,SOLAR_SHORTWAVE_0.30_2.50_UM,Mid-Latitude Summer,Rural,default,10,5,45,1176.02910866,187.153212139,729.632104052,W/m^2,0.30-2.50,BroadbandIntegral,MODOUT2 SOL TR,.flx DOWNWARD,QC_only_not_added_to_diffuse,W/(cm^2 cm^-1),W/(cm^2 nm),SOL_TR pointwise native*1e8/lambda_um^2; FLX DOWNWARD pointwise native*1e7; wavelength-domain trapezoidal integral 0.30-2.50 um,SWHEAT_direct_tar10_vis5_aerRural_humdefault_sza45;SWHEAT_flux_tar10_vis5_aerRural_humdefault_sza45,D:\HwaSimIR\HwaSim_IR\Bin\Config\Atmosphere\MODTRAN\raw\l1_solar_heating_20260907\SWHEAT_direct_tar10_vis5_aerRural_humdefault_sza45\MODOUT2.txt;D:\HwaSimIR\HwaSim_IR\Bin\Config\Atmosphere\MODTRAN\raw\l1_solar_heating_20260907\SWHEAT_flux_tar10_vis5_aerRural_humdefault_sza45\spectral_flux.flx,7e9f03613e50cb0ffc1385200930208e065e5cbdc8444d1e9bef1996fece07ed;2d4e041d9c20fe07ba632bf3abf568e4716392c1b4cc5d9e556987787b366915
1,SWHEAT_tar10_vis5_sza70,SOLAR_SHORTWAVE_0.30_2.50_UM,Mid-Latitude Summer,Rural,default,10,5,70,1105.85419866,146.704068731,269.219120292,W/m^2,0.30-2.50,BroadbandIntegral,MODOUT2 SOL TR,.flx DOWNWARD,QC_only_not_added_to_diffuse,W/(cm^2 cm^-1),W/(cm^2 nm),SOL_TR pointwise native*1e8/lambda_um^2; FLX DOWNWARD pointwise native*1e7; wavelength-domain trapezoidal integral 0.30-2.50 um,SWHEAT_direct_tar10_vis5_aerRural_humdefault_sza70;SWHEAT_flux_tar10_vis5_aerRural_humdefault_sza70,D:\HwaSimIR\HwaSim_IR\Bin\Config\Atmosphere\MODTRAN\raw\l1_solar_heating_20260907\SWHEAT_direct_tar10_vis5_aerRural_humdefault_sza70\MODOUT2.txt;D:\HwaSimIR\HwaSim_IR\Bin\Config\Atmosphere\MODTRAN\raw\l1_solar_heating_20260907\SWHEAT_flux_tar10_vis5_aerRural_humdefault_sza70\spectral_flux.flx,8c1cea2cb5f1c8c15f3d2a9c3346d4b7f32e971e6d7e51f1011ef33aa72f1458;6ace28a006e5b8a534a0abbc1c0da14a9ad60bc57c4f826cbbf871470787db4a
1,SWHEAT_tar10_vis23_sza20,SOLAR_SHORTWAVE_0.30_2.50_UM,Mid-Latitude Summer,Rural,default,10,23,20,1194.77700146,199.941974621,1034.07066822,W/m^2,0.30-2.50,BroadbandIntegral,MODOUT2 SOL TR,.flx DOWNWARD,QC_only_not_added_to_diffuse,W/(cm^2 cm^-1),W/(cm^2 nm),SOL_TR pointwise native*1e8/lambda_um^2; FLX DOWNWARD pointwise native*1e7; wavelength-domain trapezoidal integral 0.30-2.50 um,SWHEAT_direct_tar10_vis23_aerRural_humdefault_sza20;SWHEAT_flux_tar10_vis23_aerRural_humdefault_sza20,D:\HwaSimIR\HwaSim_IR\Bin\Config\Atmosphere\MODTRAN\raw\l1_solar_heating_20260907\SWHEAT_direct_tar10_vis23_aerRural_humdefault_sza20\MODOUT2.txt;D:\HwaSimIR\HwaSim_IR\Bin\Config\Atmosphere\MODTRAN\raw\l1_solar_heating_20260907\SWHEAT_flux_tar10_vis23_aerRural_humdefault_sza20\spectral_flux.flx,bd7eb15c902f9a0cfa380855a0d44aca49491e2def8850b932e1b9d12df5ebdf;ba510f5db240ff0e7e00e517b2b1536952cb5093d490ad9c97d92bfb624dea1e
1,SWHEAT_tar10_vis23_sza45,SOLAR_SHORTWAVE_0.30_2.50_UM,Mid-Latitude Summer,Rural,default,10,23,45,1176.02910866,186.759691855,729.632104052,W/m^2,0.30-2.50,BroadbandIntegral,MODOUT2 SOL TR,.flx DOWNWARD,QC_only_not_added_to_diffuse,W/(cm^2 cm^-1),W/(cm^2 nm),SOL_TR pointwise native*1e8/lambda_um^2; FLX DOWNWARD pointwise native*1e7; wavelength-domain trapezoidal integral 0.30-2.50 um,SWHEAT_direct_tar10_vis23_aerRural_humdefault_sza45;SWHEAT_flux_tar10_vis23_aerRural_humdefault_sza45,D:\HwaSimIR\HwaSim_IR\Bin\Config\Atmosphere\MODTRAN\raw\l1_solar_heating_20260907\SWHEAT_direct_tar10_vis23_aerRural_humdefault_sza45\MODOUT2.txt;D:\HwaSimIR\HwaSim_IR\Bin\Config\Atmosphere\MODTRAN\raw\l1_solar_heating_20260907\SWHEAT_flux_tar10_vis23_aerRural_humdefault_sza45\spectral_flux.flx,e8d075b118c01d36ca454031d93159821334987bb4f5ed068097d557d64b1a66;651049c6f798ee84059b5c919755bc77b1ef16d6d8b561a3fd8bc02262b5e896
1,SWHEAT_tar10_vis23_sza70,SOLAR_SHORTWAVE_0.30_2.50_UM,Mid-Latitude Summer,Rural,default,10,23,70,1105.85419866,145.733872087,269.219120292,W/m^2,0.30-2.50,BroadbandIntegral,MODOUT2 SOL TR,.flx DOWNWARD,QC_only_not_added_to_diffuse,W/(cm^2 cm^-1),W/(cm^2 nm),SOL_TR pointwise native*1e8/lambda_um^2; FLX DOWNWARD pointwise native*1e7; wavelength-domain trapezoidal integral 0.30-2.50 um,SWHEAT_direct_tar10_vis23_aerRural_humdefault_sza70;SWHEAT_flux_tar10_vis23_aerRural_humdefault_sza70,D:\HwaSimIR\HwaSim_IR\Bin\Config\Atmosphere\MODTRAN\raw\l1_solar_heating_20260907\SWHEAT_direct_tar10_vis23_aerRural_humdefault_sza70\MODOUT2.txt;D:\HwaSimIR\HwaSim_IR\Bin\Config\Atmosphere\MODTRAN\raw\l1_solar_heating_20260907\SWHEAT_flux_tar10_vis23_aerRural_humdefault_sza70\spectral_flux.flx,9147f38e3b5bb943b68bcf3d5d01e3c6eb1cdf6099383fe897afff756fceb7d5;eb4ee5c42a43b86b7d21039f978fa5727e3c0e81e877af0e152c4b9bde9497b4
1,SWHEAT_tar10_vis50_sza20,SOLAR_SHORTWAVE_0.30_2.50_UM,Mid-Latitude Summer,Rural,default,10,50,20,1194.77700146,200.27075941,1034.07066822,W/m^2,0.30-2.50,BroadbandIntegral,MODOUT2 SOL TR,.flx DOWNWARD,QC_only_not_added_to_diffuse,W/(cm^2 cm^-1),W/(cm^2 nm),SOL_TR pointwise native*1e8/lambda_um^2; FLX DOWNWARD pointwise native*1e7; wavelength-domain trapezoidal integral 0.30-2.50 um,SWHEAT_direct_tar10_vis50_aerRural_humdefault_sza20;SWHEAT_flux_tar10_vis50_aerRural_humdefault_sza20,D:\HwaSimIR\HwaSim_IR\Bin\Config\Atmosphere\MODTRAN\raw\l1_solar_heating_20260907\SWHEAT_direct_tar10_vis50_aerRural_humdefault_sza20\MODOUT2.txt;D:\HwaSimIR\HwaSim_IR\Bin\Config\Atmosphere\MODTRAN\raw\l1_solar_heating_20260907\SWHEAT_flux_tar10_vis50_aerRural_humdefault_sza20\spectral_flux.flx,e21fa4f4f25f40fe71ee396ca25a2e1931675050ecb15446921b3aeafc0cc9f5;933930ea8041d4a55676ea6d5945202a671ef9ff767d65b63eeaddd717a22a23
1,SWHEAT_tar10_vis50_sza45,SOLAR_SHORTWAVE_0.30_2.50_UM,Mid-Latitude Summer,Rural,default,10,50,45,1176.02910866,186.504709873,729.632104052,W/m^2,0.30-2.50,BroadbandIntegral,MODOUT2 SOL TR,.flx DOWNWARD,QC_only_not_added_to_diffuse,W/(cm^2 cm^-1),W/(cm^2 nm),SOL_TR pointwise native*1e8/lambda_um^2; FLX DOWNWARD pointwise native*1e7; wavelength-domain trapezoidal integral 0.30-2.50 um,SWHEAT_direct_tar10_vis50_aerRural_humdefault_sza45;SWHEAT_flux_tar10_vis50_aerRural_humdefault_sza45,D:\HwaSimIR\HwaSim_IR\Bin\Config\Atmosphere\MODTRAN\raw\l1_solar_heating_20260907\SWHEAT_direct_tar10_vis50_aerRural_humdefault_sza45\MODOUT2.txt;D:\HwaSimIR\HwaSim_IR\Bin\Config\Atmosphere\MODTRAN\raw\l1_solar_heating_20260907\SWHEAT_flux_tar10_vis50_aerRural_humdefault_sza45\spectral_flux.flx,4630c0d7b868eacee76ec461d8c06d3ece80f40a2fee177fa9d168686ec5e6db;0cb39faad94e7e1cb7db270d249c474726ffbe14b40ce8f970f27b90a00e6e15
1,SWHEAT_tar10_vis50_sza70,SOLAR_SHORTWAVE_0.30_2.50_UM,Mid-Latitude Summer,Rural,default,10,50,70,1105.85419866,145.055170143,269.219120292,W/m^2,0.30-2.50,BroadbandIntegral,MODOUT2 SOL TR,.flx DOWNWARD,QC_only_not_added_to_diffuse,W/(cm^2 cm^-1),W/(cm^2 nm),SOL_TR pointwise native*1e8/lambda_um^2; FLX DOWNWARD pointwise native*1e7; wavelength-domain trapezoidal integral 0.30-2.50 um,SWHEAT_direct_tar10_vis50_aerRural_humdefault_sza70;SWHEAT_flux_tar10_vis50_aerRural_humdefault_sza70,D:\HwaSimIR\HwaSim_IR\Bin\Config\Atmosphere\MODTRAN\raw\l1_solar_heating_20260907\SWHEAT_direct_tar10_vis50_aerRural_humdefault_sza70\MODOUT2.txt;D:\HwaSimIR\HwaSim_IR\Bin\Config\Atmosphere\MODTRAN\raw\l1_solar_heating_20260907\SWHEAT_flux_tar10_vis50_aerRural_humdefault_sza70\spectral_flux.flx,8ad965b40c7d43976761e60271cd8b53d5f2ee3cc6a07dd7c1dc5976e16ba1d4;28b728008a0c5c96e24489b0a650d5f549e997ec0acf2d53989a67a3ff8dcbc7
1,SWHEAT_tar15_vis5_sza20,SOLAR_SHORTWAVE_0.30_2.50_UM,Mid-Latitude Summer,Rural,default,15,5,20,1225.01979845,18.4303502807,1228.83564287,W/m^2,0.30-2.50,BroadbandIntegral,MODOUT2 SOL TR,.flx DOWNWARD,QC_only_not_added_to_diffuse,W/(cm^2 cm^-1),W/(cm^2 nm),SOL_TR pointwise native*1e8/lambda_um^2; FLX DOWNWARD pointwise native*1e7; wavelength-domain trapezoidal integral 0.30-2.50 um,SWHEAT_direct_tar15_vis5_aerRural_humdefault_sza20;SWHEAT_flux_tar15_vis5_aerRural_humdefault_sza20,D:\HwaSimIR\HwaSim_IR\Bin\Config\Atmosphere\MODTRAN\raw\l1_solar_heating_20260907\SWHEAT_direct_tar15_vis5_aerRural_humdefault_sza20\MODOUT2.txt;D:\HwaSimIR\HwaSim_IR\Bin\Config\Atmosphere\MODTRAN\raw\l1_solar_heating_20260907\SWHEAT_flux_tar15_vis5_aerRural_humdefault_sza20\spectral_flux.flx,01efb49554d3a5759b38200c608a2245be19fee2f1318b0e0a3cd8d53a51e641;8f542b056ec6365402a3f4f7a8c3a32555080fc214dfef1fc696314e711bacb4
1,SWHEAT_tar15_vis5_sza45,SOLAR_SHORTWAVE_0.30_2.50_UM,Mid-Latitude Summer,Rural,default,15,5,45,1213.92949701,17.3888653432,916.323694574,W/m^2,0.30-2.50,BroadbandIntegral,MODOUT2 SOL TR,.flx DOWNWARD,QC_only_not_added_to_diffuse,W/(cm^2 cm^-1),W/(cm^2 nm),SOL_TR pointwise native*1e8/lambda_um^2; FLX DOWNWARD pointwise native*1e7; wavelength-domain trapezoidal integral 0.30-2.50 um,SWHEAT_direct_tar15_vis5_aerRural_humdefault_sza45;SWHEAT_flux_tar15_vis5_aerRural_humdefault_sza45,D:\HwaSimIR\HwaSim_IR\Bin\Config\Atmosphere\MODTRAN\raw\l1_solar_heating_20260907\SWHEAT_direct_tar15_vis5_aerRural_humdefault_sza45\MODOUT2.txt;D:\HwaSimIR\HwaSim_IR\Bin\Config\Atmosphere\MODTRAN\raw\l1_solar_heating_20260907\SWHEAT_flux_tar15_vis5_aerRural_humdefault_sza45\spectral_flux.flx,3ed76fe0f4eb69b3799dfbc9e99b7f92c859c55cd833518820a2f036c48cc4b0;2ffaeeb36462244a2d74406de04c0469b62944a86e150fb9702f5db336757241
1,SWHEAT_tar15_vis5_sza70,SOLAR_SHORTWAVE_0.30_2.50_UM,Mid-Latitude Summer,Rural,default,15,5,70,1171.13232685,14.3377969891,427.600461958,W/m^2,0.30-2.50,BroadbandIntegral,MODOUT2 SOL TR,.flx DOWNWARD,QC_only_not_added_to_diffuse,W/(cm^2 cm^-1),W/(cm^2 nm),SOL_TR pointwise native*1e8/lambda_um^2; FLX DOWNWARD pointwise native*1e7; wavelength-domain trapezoidal integral 0.30-2.50 um,SWHEAT_direct_tar15_vis5_aerRural_humdefault_sza70;SWHEAT_flux_tar15_vis5_aerRural_humdefault_sza70,D:\HwaSimIR\HwaSim_IR\Bin\Config\Atmosphere\MODTRAN\raw\l1_solar_heating_20260907\SWHEAT_direct_tar15_vis5_aerRural_humdefault_sza70\MODOUT2.txt;D:\HwaSimIR\HwaSim_IR\Bin\Config\Atmosphere\MODTRAN\raw\l1_solar_heating_20260907\SWHEAT_flux_tar15_vis5_aerRural_humdefault_sza70\spectral_flux.flx,ed401b277e6872b1547ae6c4c55f6430f1976bad16c9cce45fb7c490a5044d0d;a09d47a6b4d086d9d7bab43c2ccd289d0a192c48fd779e574e7865ba2011b005
1,SWHEAT_tar15_vis23_sza20,SOLAR_SHORTWAVE_0.30_2.50_UM,Mid-Latitude Summer,Rural,default,15,23,20,1225.01979845,18.6438168834,1228.83564287,W/m^2,0.30-2.50,BroadbandIntegral,MODOUT2 SOL TR,.flx DOWNWARD,QC_only_not_added_to_diffuse,W/(cm^2 cm^-1),W/(cm^2 nm),SOL_TR pointwise native*1e8/lambda_um^2; FLX DOWNWARD pointwise native*1e7; wavelength-domain trapezoidal integral 0.30-2.50 um,SWHEAT_direct_tar15_vis23_aerRural_humdefault_sza20;SWHEAT_flux_tar15_vis23_aerRural_humdefault_sza20,D:\HwaSimIR\HwaSim_IR\Bin\Config\Atmosphere\MODTRAN\raw\l1_solar_heating_20260907\SWHEAT_direct_tar15_vis23_aerRural_humdefault_sza20\MODOUT2.txt;D:\HwaSimIR\HwaSim_IR\Bin\Config\Atmosphere\MODTRAN\raw\l1_solar_heating_20260907\SWHEAT_flux_tar15_vis23_aerRural_humdefault_sza20\spectral_flux.flx,e849d53a4ef59c48f68199c22f67fdd6249889148305f7e60a47544b4ef16cac;3017369209d9089e8bc3984693583df83590db0c8c37a68545fc61fc2ff7ba40
1,SWHEAT_tar15_vis23_sza45,SOLAR_SHORTWAVE_0.30_2.50_UM,Mid-Latitude Summer,Rural,default,15,23,45,1213.92949701,17.3291111049,916.323694574,W/m^2,0.30-2.50,BroadbandIntegral,MODOUT2 SOL TR,.flx DOWNWARD,QC_only_not_added_to_diffuse,W/(cm^2 cm^-1),W/(cm^2 nm),SOL_TR pointwise native*1e8/lambda_um^2; FLX DOWNWARD pointwise native*1e7; wavelength-domain trapezoidal integral 0.30-2.50 um,SWHEAT_direct_tar15_vis23_aerRural_humdefault_sza45;SWHEAT_flux_tar15_vis23_aerRural_humdefault_sza45,D:\HwaSimIR\HwaSim_IR\Bin\Config\Atmosphere\MODTRAN\raw\l1_solar_heating_20260907\SWHEAT_direct_tar15_vis23_aerRural_humdefault_sza45\MODOUT2.txt;D:\HwaSimIR\HwaSim_IR\Bin\Config\Atmosphere\MODTRAN\raw\l1_solar_heating_20260907\SWHEAT_flux_tar15_vis23_aerRural_humdefault_sza45\spectral_flux.flx,6cb583cb71f029ca18f9d63c0ea209ac381c3aa3e4cebdadecfb8f6d51769a47;cc7e81b3647ac2540db18b207704fa0cabb769b1a7d219135558692a626f296e
1,SWHEAT_tar15_vis23_sza70,SOLAR_SHORTWAVE_0.30_2.50_UM,Mid-Latitude Summer,Rural,default,15,23,70,1171.13232685,14.1740933537,427.600461958,W/m^2,0.30-2.50,BroadbandIntegral,MODOUT2 SOL TR,.flx DOWNWARD,QC_only_not_added_to_diffuse,W/(cm^2 cm^-1),W/(cm^2 nm),SOL_TR pointwise native*1e8/lambda_um^2; FLX DOWNWARD pointwise native*1e7; wavelength-domain trapezoidal integral 0.30-2.50 um,SWHEAT_direct_tar15_vis23_aerRural_humdefault_sza70;SWHEAT_flux_tar15_vis23_aerRural_humdefault_sza70,D:\HwaSimIR\HwaSim_IR\Bin\Config\Atmosphere\MODTRAN\raw\l1_solar_heating_20260907\SWHEAT_direct_tar15_vis23_aerRural_humdefault_sza70\MODOUT2.txt;D:\HwaSimIR\HwaSim_IR\Bin\Config\Atmosphere\MODTRAN\raw\l1_solar_heating_20260907\SWHEAT_flux_tar15_vis23_aerRural_humdefault_sza70\spectral_flux.flx,a924405100f1056a54fb4f44ce8b69a5846827d13c5b123537d995f559b1ee13;738f5c859d6c8868bebdc9d9a9e1ca0882b0a95e90629a38db0d9b75514e97e9
1,SWHEAT_tar15_vis50_sza20,SOLAR_SHORTWAVE_0.30_2.50_UM,Mid-Latitude Summer,Rural,default,15,50,20,1225.01979845,18.7209809539,1228.83564287,W/m^2,0.30-2.50,BroadbandIntegral,MODOUT2 SOL TR,.flx DOWNWARD,QC_only_not_added_to_diffuse,W/(cm^2 cm^-1),W/(cm^2 nm),SOL_TR pointwise native*1e8/lambda_um^2; FLX DOWNWARD pointwise native*1e7; wavelength-domain trapezoidal integral 0.30-2.50 um,SWHEAT_direct_tar15_vis50_aerRural_humdefault_sza20;SWHEAT_flux_tar15_vis50_aerRural_humdefault_sza20,D:\HwaSimIR\HwaSim_IR\Bin\Config\Atmosphere\MODTRAN\raw\l1_solar_heating_20260907\SWHEAT_direct_tar15_vis50_aerRural_humdefault_sza20\MODOUT2.txt;D:\HwaSimIR\HwaSim_IR\Bin\Config\Atmosphere\MODTRAN\raw\l1_solar_heating_20260907\SWHEAT_flux_tar15_vis50_aerRural_humdefault_sza20\spectral_flux.flx,57587fdce5dc237a2abdf6ef48a5bd52b6d7923671b09b974127dec1ffbbe26e;5f27fe84baed726bacf8d5aa80ff529157cdfa0aa79d6da0b463cb577b858587
1,SWHEAT_tar15_vis50_sza45,SOLAR_SHORTWAVE_0.30_2.50_UM,Mid-Latitude Summer,Rural,default,15,50,45,1213.92949701,17.2822950334,916.323694574,W/m^2,0.30-2.50,BroadbandIntegral,MODOUT2 SOL TR,.flx DOWNWARD,QC_only_not_added_to_diffuse,W/(cm^2 cm^-1),W/(cm^2 nm),SOL_TR pointwise native*1e8/lambda_um^2; FLX DOWNWARD pointwise native*1e7; wavelength-domain trapezoidal integral 0.30-2.50 um,SWHEAT_direct_tar15_vis50_aerRural_humdefault_sza45;SWHEAT_flux_tar15_vis50_aerRural_humdefault_sza45,D:\HwaSimIR\HwaSim_IR\Bin\Config\Atmosphere\MODTRAN\raw\l1_solar_heating_20260907\SWHEAT_direct_tar15_vis50_aerRural_humdefault_sza45\MODOUT2.txt;D:\HwaSimIR\HwaSim_IR\Bin\Config\Atmosphere\MODTRAN\raw\l1_solar_heating_20260907\SWHEAT_flux_tar15_vis50_aerRural_humdefault_sza45\spectral_flux.flx,5ee70d04b7311615f9b6c8460fbe956286e34a61511fc90eeb7ccbea0277a713;e0093be67b35d5baadaff79f2365cd0ada5e71a8a4e35e49fad924b5d5456210
1,SWHEAT_tar15_vis50_sza70,SOLAR_SHORTWAVE_0.30_2.50_UM,Mid-Latitude Summer,Rural,default,15,50,70,1171.13232685,14.0482508651,427.600461958,W/m^2,0.30-2.50,BroadbandIntegral,MODOUT2 SOL TR,.flx DOWNWARD,QC_only_not_added_to_diffuse,W/(cm^2 cm^-1),W/(cm^2 nm),SOL_TR pointwise native*1e8/lambda_um^2; FLX DOWNWARD pointwise native*1e7; wavelength-domain trapezoidal integral 0.30-2.50 um,SWHEAT_direct_tar15_vis50_aerRural_humdefault_sza70;SWHEAT_flux_tar15_vis50_aerRural_humdefault_sza70,D:\HwaSimIR\HwaSim_IR\Bin\Config\Atmosphere\MODTRAN\raw\l1_solar_heating_20260907\SWHEAT_direct_tar15_vis50_aerRural_humdefault_sza70\MODOUT2.txt;D:\HwaSimIR\HwaSim_IR\Bin\Config\Atmosphere\MODTRAN\raw\l1_solar_heating_20260907\SWHEAT_flux_tar15_vis50_aerRural_humdefault_sza70\spectral_flux.flx,184c63f9d731f0cde09b5b3b53df9610eb8d7a2d9ffe7689c10e46d083dcabaf;22950b2eeddd4924914b9013cc824a4f01a4f52d570b56dc493933569d418422
1,SWHEAT_tar20_vis5_sza20,SOLAR_SHORTWAVE_0.30_2.50_UM,Mid-Latitude Summer,Rural,default,20,5,20,1239.92951421,8.73877667523,1243.76999965,W/m^2,0.30-2.50,BroadbandIntegral,MODOUT2 SOL TR,.flx DOWNWARD,QC_only_not_added_to_diffuse,W/(cm^2 cm^-1),W/(cm^2 nm),SOL_TR pointwise native*1e8/lambda_um^2; FLX DOWNWARD pointwise native*1e7; wavelength-domain trapezoidal integral 0.30-2.50 um,SWHEAT_direct_tar20_vis5_aerRural_humdefault_sza20;SWHEAT_flux_tar20_vis5_aerRural_humdefault_sza20,D:\HwaSimIR\HwaSim_IR\Bin\Config\Atmosphere\MODTRAN\raw\l1_solar_heating_20260907\SWHEAT_direct_tar20_vis5_aerRural_humdefault_sza20\MODOUT2.txt;D:\HwaSimIR\HwaSim_IR\Bin\Config\Atmosphere\MODTRAN\raw\l1_solar_heating_20260907\SWHEAT_flux_tar20_vis5_aerRural_humdefault_sza20\spectral_flux.flx,77997f96464f2ffe178e2ab04b2610cc711336a6d9b73fa00c75937e0d4b4336;13e56889049a2452619964765ec0508ffe386ca9b4cce6d67ac036a3214f854b
1,SWHEAT_tar20_vis5_sza45,SOLAR_SHORTWAVE_0.30_2.50_UM,Mid-Latitude Summer,Rural,default,20,5,45,1232.98533997,8.29353813238,930.681094298,W/m^2,0.30-2.50,BroadbandIntegral,MODOUT2 SOL TR,.flx DOWNWARD,QC_only_not_added_to_diffuse,W/(cm^2 cm^-1),W/(cm^2 nm),SOL_TR pointwise native*1e8/lambda_um^2; FLX DOWNWARD pointwise native*1e7; wavelength-domain trapezoidal integral 0.30-2.50 um,SWHEAT_direct_tar20_vis5_aerRural_humdefault_sza45;SWHEAT_flux_tar20_vis5_aerRural_humdefault_sza45,D:\HwaSimIR\HwaSim_IR\Bin\Config\Atmosphere\MODTRAN\raw\l1_solar_heating_20260907\SWHEAT_direct_tar20_vis5_aerRural_humdefault_sza45\MODOUT2.txt;D:\HwaSimIR\HwaSim_IR\Bin\Config\Atmosphere\MODTRAN\raw\l1_solar_heating_20260907\SWHEAT_flux_tar20_vis5_aerRural_humdefault_sza45\spectral_flux.flx,0fb3169589006e255260a16c1c2e7150672f28253eebb1735f4a947142f41887;5e064587dcfcffc36323ff329767a87b7786c6ea8d6806e35ad9afb73c5a1381
1,SWHEAT_tar20_vis5_sza70,SOLAR_SHORTWAVE_0.30_2.50_UM,Mid-Latitude Summer,Rural,default,20,5,70,1206.06689378,6.9894571975,440.339213653,W/m^2,0.30-2.50,BroadbandIntegral,MODOUT2 SOL TR,.flx DOWNWARD,QC_only_not_added_to_diffuse,W/(cm^2 cm^-1),W/(cm^2 nm),SOL_TR pointwise native*1e8/lambda_um^2; FLX DOWNWARD pointwise native*1e7; wavelength-domain trapezoidal integral 0.30-2.50 um,SWHEAT_direct_tar20_vis5_aerRural_humdefault_sza70;SWHEAT_flux_tar20_vis5_aerRural_humdefault_sza70,D:\HwaSimIR\HwaSim_IR\Bin\Config\Atmosphere\MODTRAN\raw\l1_solar_heating_20260907\SWHEAT_direct_tar20_vis5_aerRural_humdefault_sza70\MODOUT2.txt;D:\HwaSimIR\HwaSim_IR\Bin\Config\Atmosphere\MODTRAN\raw\l1_solar_heating_20260907\SWHEAT_flux_tar20_vis5_aerRural_humdefault_sza70\spectral_flux.flx,fa9975dd525d5f6a53773873cfb61ac2e7558fc91575a4a54b708faef252e22a;098961b15d274c0cdb1dbf27fb3bcae7d70af71fb95269aa938978cc74c79a38
1,SWHEAT_tar20_vis23_sza20,SOLAR_SHORTWAVE_0.30_2.50_UM,Mid-Latitude Summer,Rural,default,20,23,20,1239.92951421,8.83666264239,1243.76999965,W/m^2,0.30-2.50,BroadbandIntegral,MODOUT2 SOL TR,.flx DOWNWARD,QC_only_not_added_to_diffuse,W/(cm^2 cm^-1),W/(cm^2 nm),SOL_TR pointwise native*1e8/lambda_um^2; FLX DOWNWARD pointwise native*1e7; wavelength-domain trapezoidal integral 0.30-2.50 um,SWHEAT_direct_tar20_vis23_aerRural_humdefault_sza20;SWHEAT_flux_tar20_vis23_aerRural_humdefault_sza20,D:\HwaSimIR\HwaSim_IR\Bin\Config\Atmosphere\MODTRAN\raw\l1_solar_heating_20260907\SWHEAT_direct_tar20_vis23_aerRural_humdefault_sza20\MODOUT2.txt;D:\HwaSimIR\HwaSim_IR\Bin\Config\Atmosphere\MODTRAN\raw\l1_solar_heating_20260907\SWHEAT_flux_tar20_vis23_aerRural_humdefault_sza20\spectral_flux.flx,7c607f1724101f709668fd30355855828fb15f61d4656c80af539089ccd3cab1;c2945606fcbe8fc1e2ed4eb650878c1d6aa61c45b2c633dcf466bb45a331623a
1,SWHEAT_tar20_vis23_sza45,SOLAR_SHORTWAVE_0.30_2.50_UM,Mid-Latitude Summer,Rural,default,20,23,45,1232.98533997,8.26693082593,930.681094298,W/m^2,0.30-2.50,BroadbandIntegral,MODOUT2 SOL TR,.flx DOWNWARD,QC_only_not_added_to_diffuse,W/(cm^2 cm^-1),W/(cm^2 nm),SOL_TR pointwise native*1e8/lambda_um^2; FLX DOWNWARD pointwise native*1e7; wavelength-domain trapezoidal integral 0.30-2.50 um,SWHEAT_direct_tar20_vis23_aerRural_humdefault_sza45;SWHEAT_flux_tar20_vis23_aerRural_humdefault_sza45,D:\HwaSimIR\HwaSim_IR\Bin\Config\Atmosphere\MODTRAN\raw\l1_solar_heating_20260907\SWHEAT_direct_tar20_vis23_aerRural_humdefault_sza45\MODOUT2.txt;D:\HwaSimIR\HwaSim_IR\Bin\Config\Atmosphere\MODTRAN\raw\l1_solar_heating_20260907\SWHEAT_flux_tar20_vis23_aerRural_humdefault_sza45\spectral_flux.flx,82c8b1da1ae8cf7f21221f11fd5217da8f89d42718a2fdba487acf51933b504e;c5b6ef1bb3129f55f23e6b770e7a22a334a72aea43715a02355619425432701c
1,SWHEAT_tar20_vis23_sza70,SOLAR_SHORTWAVE_0.30_2.50_UM,Mid-Latitude Summer,Rural,default,20,23,70,1206.06689378,6.9150233715,440.339213653,W/m^2,0.30-2.50,BroadbandIntegral,MODOUT2 SOL TR,.flx DOWNWARD,QC_only_not_added_to_diffuse,W/(cm^2 cm^-1),W/(cm^2 nm),SOL_TR pointwise native*1e8/lambda_um^2; FLX DOWNWARD pointwise native*1e7; wavelength-domain trapezoidal integral 0.30-2.50 um,SWHEAT_direct_tar20_vis23_aerRural_humdefault_sza70;SWHEAT_flux_tar20_vis23_aerRural_humdefault_sza70,D:\HwaSimIR\HwaSim_IR\Bin\Config\Atmosphere\MODTRAN\raw\l1_solar_heating_20260907\SWHEAT_direct_tar20_vis23_aerRural_humdefault_sza70\MODOUT2.txt;D:\HwaSimIR\HwaSim_IR\Bin\Config\Atmosphere\MODTRAN\raw\l1_solar_heating_20260907\SWHEAT_flux_tar20_vis23_aerRural_humdefault_sza70\spectral_flux.flx,4d9bf313e0cfc6163bede9381a111b748d7d875874cbdac27fbfe91f5ddb0a4c;5afd4c498a19cf5d854b1ec2f666569826f5a682ca54ef6db517267c2773346d
1,SWHEAT_tar20_vis50_sza20,SOLAR_SHORTWAVE_0.30_2.50_UM,Mid-Latitude Summer,Rural,default,20,50,20,1239.92951421,8.8719608715,1243.76999965,W/m^2,0.30-2.50,BroadbandIntegral,MODOUT2 SOL TR,.flx DOWNWARD,QC_only_not_added_to_diffuse,W/(cm^2 cm^-1),W/(cm^2 nm),SOL_TR pointwise native*1e8/lambda_um^2; FLX DOWNWARD pointwise native*1e7; wavelength-domain trapezoidal integral 0.30-2.50 um,SWHEAT_direct_tar20_vis50_aerRural_humdefault_sza20;SWHEAT_flux_tar20_vis50_aerRural_humdefault_sza20,D:\HwaSimIR\HwaSim_IR\Bin\Config\Atmosphere\MODTRAN\raw\l1_solar_heating_20260907\SWHEAT_direct_tar20_vis50_aerRural_humdefault_sza20\MODOUT2.txt;D:\HwaSimIR\HwaSim_IR\Bin\Config\Atmosphere\MODTRAN\raw\l1_solar_heating_20260907\SWHEAT_flux_tar20_vis50_aerRural_humdefault_sza20\spectral_flux.flx,ab8c39d6bcb2250191120143409fb1f416be5ee0a36d720ed99b29e716337ce0;c25bbfad9a73883a57bfffef7a3c2b2a0a22a7160799e35e11fd81e83e90f5c8
1,SWHEAT_tar20_vis50_sza45,SOLAR_SHORTWAVE_0.30_2.50_UM,Mid-Latitude Summer,Rural,default,20,50,45,1232.98533997,8.24605494196,930.681094298,W/m^2,0.30-2.50,BroadbandIntegral,MODOUT2 SOL TR,.flx DOWNWARD,QC_only_not_added_to_diffuse,W/(cm^2 cm^-1),W/(cm^2 nm),SOL_TR pointwise native*1e8/lambda_um^2; FLX DOWNWARD pointwise native*1e7; wavelength-domain trapezoidal integral 0.30-2.50 um,SWHEAT_direct_tar20_vis50_aerRural_humdefault_sza45;SWHEAT_flux_tar20_vis50_aerRural_humdefault_sza45,D:\HwaSimIR\HwaSim_IR\Bin\Config\Atmosphere\MODTRAN\raw\l1_solar_heating_20260907\SWHEAT_direct_tar20_vis50_aerRural_humdefault_sza45\MODOUT2.txt;D:\HwaSimIR\HwaSim_IR\Bin\Config\Atmosphere\MODTRAN\raw\l1_solar_heating_20260907\SWHEAT_flux_tar20_vis50_aerRural_humdefault_sza45\spectral_flux.flx,31991b3bd89d8dd9bedc0a096b63d35a11b9ec920c291190dc93bbb54d444712;263d2930fa4fed5481eab0a1a0723496aca7c12b192c670f7d78f4154c5d1219
1,SWHEAT_tar20_vis50_sza70,SOLAR_SHORTWAVE_0.30_2.50_UM,Mid-Latitude Summer,Rural,default,20,50,70,1206.06689378,6.85807476669,440.339213653,W/m^2,0.30-2.50,BroadbandIntegral,MODOUT2 SOL TR,.flx DOWNWARD,QC_only_not_added_to_diffuse,W/(cm^2 cm^-1),W/(cm^2 nm),SOL_TR pointwise native*1e8/lambda_um^2; FLX DOWNWARD pointwise native*1e7; wavelength-domain trapezoidal integral 0.30-2.50 um,SWHEAT_direct_tar20_vis50_aerRural_humdefault_sza70;SWHEAT_flux_tar20_vis50_aerRural_humdefault_sza70,D:\HwaSimIR\HwaSim_IR\Bin\Config\Atmosphere\MODTRAN\raw\l1_solar_heating_20260907\SWHEAT_direct_tar20_vis50_aerRural_humdefault_sza70\MODOUT2.txt;D:\HwaSimIR\HwaSim_IR\Bin\Config\Atmosphere\MODTRAN\raw\l1_solar_heating_20260907\SWHEAT_flux_tar20_vis50_aerRural_humdefault_sza70\spectral_flux.flx,044fd40f7706f8587f9dc610065ab126f7796130fdd09cf0ba03dd80db39126f;9a9ff28ed0351ef77ac1a7b01731e081ef0a44532329cefafc2428349b7d0b8d
